{
    "uvs": [[0.11862105131149292, 0.9235245585441589, 0.11862105131149292, 0.4029078483581543, 0.42541375756263733, 0.4029078483581543, 0.4297129511833191, 0.9235245585441589, 0.9313299059867859, 0.4458627700805664, 0.893301248550415, 0.08488745987415314, 0.9693585634231567, 0.08488745987415314, 0.12006950378417969, 0.9231294393539429, 0.12006950378417969, 0.398974746465683, 0.4314812421798706, 0.398974746465683, 0.4314812421798706, 0.9231294393539429, 0.8500138521194458, 0.4458627700805664, 0.811985194683075, 0.08488745987415314, 0.8880425691604614, 0.08488745987415314, 0.5905128717422485, 0.47321218252182007, 0.7053564786911011, 0.47321218252182007, 0.7053564786911011, 0.8264907002449036, 0.5905128717422485, 0.8264907002449036, 0.12006950378417969, 0.8807509541511536, 0.9458738565444946, 0.4166775047779083, 0.8354699611663818, 0.4166775047779083, 0.4314812123775482, 0.8807509541511536, 0.11862105131149292, 0.8814321160316467, 0.8645578026771545, 0.4166775047779083, 0.9167859554290771, 0.4166775047779083, 0.4293653666973114, 0.8814321160316467, 0.21821625530719757, 0.4029078483581543, 0.5905128717422485, 0.5878982543945312, 0.21949908137321472, 0.8814321756362915, 0.33038654923439026, 0.9231294393539429, 0.21961191296577454, 0.9235244989395142, 0.33038651943206787, 0.8807510137557983, 0.33038654923439026, 0.3989747166633606, 0.7053564786911011, 0.5878982543945312, 0.3291243612766266, 0.4029078483581543, 0.5905128717422485, 0.7156113386154175, 0.33183571696281433, 0.8814321756362915, 0.21780863404273987, 0.9231294393539429, 0.33207422494888306, 0.9235244989395142, 0.21780860424041748, 0.8807510137557983, 0.21780863404273987, 0.3989747166633606, 0.7053564786911011, 0.7156113386154175, 0.8492729067802429, 0.4166775047779083, 0.8480764031410217, 0.08488745987415314, 0.6508601903915405, 0.47321218252182007, 0.6508601903915405, 0.5878982543945312, 0.6508601903915405, 0.7156113386154175, 0.93326735496521, 0.08488745987415314, 0.6508601903915405, 0.8264907002449036, 0.9320709109306335, 0.4166775047779083]], 
    "faces": [41, 0, 8, 11, 12, 0, 22, 28, 30, 0, 1, 2, 3, 40, 2, 9, 25, 4, 24, 49, 4, 5, 6, 41, 12, 13, 7, 0, 29, 31, 21, 10, 7, 8, 9, 10, 40, 0, 7, 20, 11, 20, 42, 11, 12, 13, 41, 1, 21, 22, 10, 14, 44, 45, 27, 14, 15, 16, 17, 41, 13, 14, 5, 7, 31, 32, 9, 21, 8, 18, 19, 9, 41, 8, 20, 21, 1, 23, 42, 43, 13, 20, 13, 21, 22, 41, 11, 8, 1, 10, 28, 22, 1, 26, 2, 1, 23, 24, 41, 25, 9, 3, 24, 49, 24, 5, 47, 6, 5, 25, 26, 41, 16, 11, 10, 15, 36, 28, 26, 34, 27, 2, 24, 28, 41, 12, 11, 16, 17, 30, 28, 36, 38, 3, 2, 27, 29, 41, 17, 18, 13, 12, 37, 39, 31, 29, 30, 31, 8, 7, 41, 18, 19, 14, 13, 39, 40, 32, 31, 31, 32, 18, 8, 41, 10, 22, 23, 15, 27, 45, 46, 35, 17, 16, 33, 34, 41, 9, 16, 15, 3, 25, 36, 34, 2, 35, 27, 28, 36, 41, 17, 16, 9, 2, 38, 36, 25, 3, 29, 27, 35, 37, 41, 2, 6, 18, 17, 7, 18, 39, 37, 38, 39, 31, 30, 41, 6, 4, 19, 18, 18, 8, 40, 39, 39, 40, 32, 31, 41, 15, 23, 24, 3, 35, 46, 48, 17, 34, 33, 41, 42, 41, 20, 7, 5, 21, 42, 20, 12, 43, 13, 12, 43, 21, 41, 22, 21, 5, 14, 45, 44, 15, 33, 16, 15, 44, 45, 41, 23, 22, 14, 19, 46, 45, 33, 41, 33, 16, 45, 46, 41, 24, 23, 19, 4, 48, 46, 41, 16, 41, 33, 46, 47, 41, 6, 25, 24, 4, 19, 49, 47, 6, 48, 6, 26, 49, 40, 2, 25, 6, 4, 49, 19, 4, 6, 48, 40, 0, 20, 8, 11, 42, 23, 11, 13, 20], 
    "vertices": [-22.22500038, 67.06700134, 0.0, -22.22499847, 1.22183037, 7.22488832, 22.22499847, 67.06700134, 0.0, 22.22500038, 1.22183037, 7.22488832, 22.22500038, 1.22183037, -7.22488832, -22.22499847, 1.22183037, -7.22488832, 22.22499847, 61.52223206, -1.34680414, -22.22500038, 61.52223206, -1.34680414, -22.22500038, 61.52223206, 1.34680414, 22.22499847, 61.52223206, 1.34680414, -7.79504013, 0.09572411, 10.07086182, -7.79504013, 61.52222824, 2.70650005, -7.79504013, 67.06700134, 0.0, -7.79504013, 61.52222824, -2.70650005, -7.79504013, 0.09572411, -10.07086182, 8.27400398, 0.09572411, 10.07086182, 8.27400208, 61.52223206, 2.70650005, 8.27400208, 67.06700134, 0.0, 8.27400208, 61.52223206, -2.70650005, 8.27400398, 0.09572411, -10.07086182, -22.22500038, 61.52223206, -0.06861734, -20.10206223, 2.03838921, -0.3680954, -7.79503632, 1.45917177, -0.51309299, 8.27400398, 1.4591713, -0.51309299, 19.63923073, 2.03838921, -0.3680954, 22.22499847, 61.52223206, -0.06861734], 
    "materials": [{
        "opacity": 0.0, 
        "mapDiffuseRepeat": [1, 1], 
        "depthTest": true, 
        "colorDiffuse": [0.5, 0.5, 0.5], 
        "mapDiffuseWrap": ["repeat", "repeat"], 
        "blending": "NormalBlending", 
        "mapDiffuseAnisotropy": 4, 
        "shading": "Lambert", 
        "transparent": true, 
        "depthWrite": true, 
        "DbgName": "mat_catfood", 
        "vertexColors": false, 
        "mapDiffuse": "catfoodbag.jpg"
    }], 
    "normals": [-0.04420715, 0.34295872, 0.93830961, -0.13119073, 0.12839584, 0.98300731, -0.06244991, 0.13891421, 0.9883334, -0.02047282, 0.39502782, 0.918441, 0.99999994, 3e-08, 0.0, 0.96069485, -0.03333431, -0.27559814, 0.99935108, -0.03600654, -0.00096227, -0.02047282, 0.39502782, -0.918441, -0.06244991, 0.13891418, -0.98833334, -0.13119073, 0.12839584, -0.98300731, -0.04420715, 0.34295872, -0.93830961, -0.99999994, -2e-08, 0.0, -0.96713763, -0.02996372, 0.25248155, -0.99956244, -0.02956793, -0.00079043, -0.05059855, -0.99089718, -0.12475038, -0.04965293, -0.9987666, 0.00011459, -0.02090848, -0.99978131, 0.00042231, -0.01956662, -0.99175584, -0.12663899, -0.06377662, 0.11385967, -0.99144769, -0.13928132, 0.1070959, -0.9844445, -0.97299296, -0.02771816, -0.22916466, -0.99954861, -0.0300105, 0.00140812, -0.97238499, -0.02802411, -0.23169416, -0.1392813, 0.1070959, 0.9844445, -0.06377662, 0.11385967, 0.99144769, 0.95982689, -0.03369286, -0.27856249, 0.99933076, -0.03654476, 0.00161875, 0.06344748, 0.13906422, 0.98824871, 0.06467004, 0.11394981, 0.99137944, 0.02079149, 0.39582363, 0.91809112, 0.02079149, 0.39582363, -0.91809112, 0.06344748, 0.13906421, -0.98824871, 0.06467005, 0.11394981, -0.99137944, 0.02135768, -0.99977183, 0.0004495, 0.01988851, -0.99166632, -0.12728848, 0.13560814, 0.12833178, 0.98241603, 0.14396559, 0.10702343, 0.98377836, 0.04572178, 0.34293544, 0.93824559, 0.04572178, 0.34293544, -0.93824559, 0.13560814, 0.12833178, -0.98241603, 0.14396559, 0.10702343, -0.98377836, 0.0522386, -0.99863464, 0.00020815, 0.05324183, -0.9905529, -0.12637344, -0.96640396, -0.03029073, 0.2552371, -0.04771284, -0.98934287, 0.13756476, -0.01847113, -0.99000102, 0.13984554, 0.01876985, -0.98989904, 0.14052667, 0.05016747, -0.98898584, 0.13924934, 0.95236689, -0.0359389, 0.30282974, 0.95132786, -0.03631904, 0.30603293], 
    "metadata": {
        "formatVersion": 3.1, 
        "generatedBy": "Maya Exporter"
    }
}